id,date,message,views,forwards,pinned,media,reactions,replies
314947,2026-01-19 16:53:29+00:00,"–ò–Ω—Ç–µ—Ä–µ—Å–Ω–æ, –∫–∞–∫—É—é —Ü–µ–ª—å –æ–Ω–∏ –ø—Ä–µ—Å–ª–µ–¥—É—é—Ç. –Æ—Ä–∏–∫–∏ –∏–Ω—Ç–µ—Ä–µ—Å–Ω—ã –¥–ª—è —Ä–µ–≥—É–ª—è—Ä–Ω—ã—Ö –ø–æ–∫—É–ø–æ–∫, –Ω–æ –≤ —ç—Ç–æ–π –∏—Å—Ç–æ—Ä–∏–∏ –ø–æ—Å—Ä–µ–¥–Ω–∏–∫ –Ω–µ –Ω—É–∂–µ–Ω - –º–æ–∂–Ω–æ –Ω–∞–ø—Ä—è–º—É—é —Ä–∞–±–æ—Ç–∞—Ç—å.",,,False,,,
314935,2026-01-19 16:21:56+00:00,–£–∂–µ –ø–∞—Ä—É –Ω–µ–¥–µ–ª—å –∫–∞–∫ —Å –º–∞—Ä–∫–µ—Ç–∞ –∑–≤–æ–Ω—è—Ç –º–µ–Ω–µ–¥–∂–µ—Ä—ã –∏ –ø—Ä–µ–¥–ª–∞–≥–∞—é—Ç –ø–æ–¥–∫–ª—é—á–∏—Ç—å –∫–∞–±–∏–Ω–µ—Ç –¥–ª—è –¥–æ–ø–æ–ª–Ω–∏—Ç–µ–ª—å–Ω—ã—Ö –ø—Ä–æ–¥–∞–∂ —é—Ä. –ª–∏—Ü–∞–º. –ï—Å—Ç—å –∫—Ç–æ —Ä–∞–±–æ—Ç–∞–µ—Ç —Å —é—Ä. –ª–∏—Ü–∞–º–∏? –°—Ç–æ–∏—Ç –ª–∏ –ø–æ–¥–∫–ª—é—á–∞—Ç—å?,,,False,,"MessageReactions(results=[ReactionCount(reaction=ReactionEmoji(emoticon='üòÅ'), count=1, chosen_order=None)], min=False, can_see_list=True, reactions_as_tags=False, recent_reactions=[MessagePeerReaction(peer_id=PeerUser(user_id=151627784), date=datetime.datetime(2026, 1, 19, 16, 22, 12, tzinfo=datetime.timezone.utc), reaction=ReactionEmoji(emoticon='üòÅ'), big=False, unread=False, my=False)], top_reactors=[])",1.0
314920,2026-01-19 16:10:31+00:00,"–ò –≤–æ–ø—Ä–æ—Å –Ω–µ –ø—Ä–æ 1 —à—Ç—É–∫—É, –∞ –ø–æ–ª—É—á–∞–µ—Ç—Å—è –ø—Ä–æ 53 —É—Ç–µ—Ä—è–Ω–Ω—ã—Ö –ø—Ä–∏ –ø–µ—Ä–µ–º–µ—â–µ–Ω–∏–∏ —Ç–æ–≤–∞—Ä–∞.",,,False,,,0.0
314918,2026-01-19 16:07:36+00:00,"–ó–∞—á–µ–º —è –¥–æ–ª–∂–µ–Ω –æ—Ñ–æ—Ä–º–∏—Ç—å –≤–∏—Ä—Ç—É–∞–ª—å–Ω—É—é –ø–æ—Å—Ç–∞–≤–∫—É, –µ—Å–ª–∏ —è –Ω–µ –¥–µ–ª–∞–ª –æ—Å–Ω–æ–≤–Ω—É—é ? –°–∫–ª–∞–¥ —Å–∞–º —Å–æ–∑–¥–∞–ª –ø–µ—Ä–µ–º–µ—â–µ–Ω–∏–µ –∞–≤—Ç–æ–º–∞—Ç–∏—á–µ—Å–∫–∏",,,False,,"MessageReactions(results=[], min=False, can_see_list=True, reactions_as_tags=False, recent_reactions=[], top_reactors=[])",0.0
314917,2026-01-19 16:06:15+00:00,"–ü–∞–≤–µ–ª, –µ—Å–ª–∏ –ø–æ–¥—Ç–≤–µ—Ä–¥–∏—Ç—Å—è —É—Ç–µ—Ä—è —Ç–æ–≤–∞—Ä–∞, —Ç–æ –¥–ª—è –∫–æ–º–ø–µ–Ω—Å–∞—Ü–∏–∏ –Ω–µ–æ–±—Ö–æ–¥–∏–º–æ –±—É–¥–µ—Ç –æ—Ñ–æ—Ä–º–∏—Ç—å –ø—Ä–µ—Ç–µ–Ω–∑–∏—é –ø–æ –∏–Ω—Å—Ç—Ä—É–∫—Ü–∏–∏ –∏–∑ –°–ø—Ä–∞–≤–∫–∏.

–ú—ã –ø—Ä–æ–≤–µ—Ä–∏–ª–∏ –∏–Ω—Ñ–æ—Ä–º–∞—Ü–∏—é –ø–æ –ø–æ—Å—Ç–∞–≤–∫–µ 27754098, —Ç–∞–º –∏–∑–Ω–∞—á–∞–ª—å–Ω–æ –±—ã–ª–∞ –æ–±–Ω–∞—Ä—É–∂–µ–Ω–∞ –Ω–µ–¥–æ—Å—Ç–∞—á–∞, –Ω–æ –ø–æ—Å–ª–µ —Ç–æ–≤–∞—Ä –Ω–∞—à–ª–∏ –Ω–∞ —Å–∫–ª–∞–¥–µ –∏ —á—Ç–æ–±—ã –º—ã –º–æ–≥–ª–∏ –µ–≥–æ –ø—Ä–∏–Ω—è—Ç—å, –ø–æ–∂–∞–ª—É–π—Å—Ç–∞, –æ—Ñ–æ—Ä–º–∏—Ç–µ –≤–∏—Ä—Ç—É–∞–ª—å–Ω—É—é –ø–æ—Å—Ç–∞–≤–∫—É. 

–í –æ–±—Ä–∞—â–µ–Ω–∏–∏ 920292602798 –Ω–∞–ø—Ä–∞–≤–∏–ª–∏ –ø–æ–¥—Ä–æ–±–Ω—ã–π –æ—Ç–≤–µ—Ç, –ø—Ä–æ—Å—Ç–∏—Ç–µ, —á—Ç–æ –¥–æ—Å—Ç–∞–≤–∏–ª–∏ –Ω–µ—É–¥–æ–±—Å—Ç–≤–∞ üôè",,,False,"MessageMediaWebPage(webpage=WebPage(id=8953082221402919898, url='https://yandex.ru/support/marketplace/ru/communication/claims', display_url='yandex.ru/support/marketplace/ru/communication/claims', hash=0, has_large_media=False, video_cover_photo=False, type='article', site_name='yandex.ru', title='–ü–æ–¥–∞—Ç—å –ø—Ä–µ—Ç–µ–Ω–∑–∏—é |', description='–ö—Ç–æ –º–æ–∂–µ—Ç –ø–æ–¥–∞—Ç—å –ø—Ä–µ—Ç–µ–Ω–∑–∏—é. –¢–æ–ª—å–∫–æ –≤–ª–∞–¥–µ–ª–µ—Ü –∫–∞–±–∏–Ω–µ—Ç–∞ –∏–ª–∏ –±–∏–∑–Ω–µ—Å–∞. –£ —Å–æ—Ç—Ä—É–¥–Ω–∏–∫–æ–≤ —Å –¥—Ä—É–≥–∏–º–∏ —Ä–æ–ª—è–º–∏ —Ç–∞–∫–æ–π –≤–æ–∑–º–æ–∂–Ω–æ—Å—Ç–∏ –Ω–µ—Ç. –ö–∞–∫–∏–µ –±—ã–≤–∞—é—Ç —Ä–æ–ª–∏.', photo=None, embed_url=None, embed_type=None, embed_width=None, embed_height=None, duration=None, author=None, document=None, cached_page=None, attributes=[]), force_large_media=False, force_small_media=False, manual=False, safe=False)",,
314909,2026-01-19 15:46:26+00:00,"—É –º–µ–Ω—è –≤–æ—Ç 17 —Ç–æ–≤–∞—Ä–æ–≤, –≥–¥–µ –ø–æ—Å–µ—è–ª–∏ –ø–æ 1-2 —à—Ç—É–∫–∏, —Å–æ–∑–¥–∞–Ω–∏–µ –æ–±—Ä–∞—â–µ–Ω–∏—è –≤ —Ç–µ—Ö–ø–æ–¥–¥–µ—Ä–∂–∫—É —ç—Ç–æ —É—Ç–æ–ø–∏—è. –î–∞–∂–µ –≤—ã —Ç—Ä–∏ –¥–Ω—è –æ—Ç–≤–µ—á–∞–µ—Ç–µ. –ê –ø–µ—Ä–µ–º–µ—â–µ–Ω–Ω—ã–µ —Ç–æ–≤–∞—Ä—ã —Å–æ —Å–∫–ª–∞–¥–∞ –ø–∞—Ä–≥–æ–ª–æ–≤–æ –Ω–∞ —Å–∫–ª–∞–¥ –®—É—à–∞—Ä—ã —É–∂–µ –ø—Ä–æ–¥–∞–ª–∏—Å—å –∑–∞ —ç—Ç–æ –≤—Ä–µ–º—è!",,,False,,,0.0
314908,2026-01-19 15:45:15+00:00,"–ü–æ—á–µ–º—É –Ω—É–∂–Ω–æ —Å–Ω–∞—á–∞–ª–∞ –æ–±—Ä–∞—â–µ–Ω–∏–µ–º –≤—ã—è—Å–Ω–∏—Ç—å —Å—É–¥—å–±—É —Ç–æ–≤–∞—Ä–∞? –µ—Å–ª–∏ –ø—Ä–∏ –ø–µ—Ä–µ–º–µ—â–µ–Ω–∏–∏ –≤—ã—è–≤–∏–ª–∞—Å—å –Ω–µ–¥–æ—Å—Ç–∞—á–∞, –∫–æ—Ç–æ—Ä–∞—è —Ç–∏–ø–∞ –Ω–µ –ø—Ä–∏ –ø–µ—Ä–µ–º–µ—â–µ–Ω–∏–∏, –∞ –µ—â–µ –ø—Ä–∏ —Ö—Ä–∞–Ω–µ–Ω–∏–∏, —Ç–æ —ç—Ç–æ —É–∂–µ —Ñ–∞–∫—Ç –Ω–µ–¥–æ—Å—Ç–∞—á–∏. –ò–ª–∏ —è –Ω–µ –ø—Ä–∞–≤? –∑–∞—á–µ–º –¥–µ–ª–∞—Ç—å –ª–∏—à–Ω–∏–π –∑–∞–ø—Ä–æ—Å –Ω–∞ —Ç–æ–≤–∞—Ä, —Ç–µ–º –±–æ–ª–µ–µ –µ—â–µ –∏ –Ω–∞ —Ç–æ—Ç —Å–∫–ª–∞–¥ —Å –∫–æ—Ç–æ—Ä–æ–≥–æ —É–∂–µ —Ñ–∏–∑–∏—á–µ—Å–∫–∏ —Å—å–µ—Ö–∞–ª–∏?",,,False,,,0.0
314907,2026-01-19 15:43:55+00:00,"–ê –∑–∞—á–µ–º –≤—ã –ø—Ä–∏–∫–ª–∞–¥—ã–≤–∞–µ—Ç–µ –æ–±—â—É—é –∏–Ω—Å—Ç—Ä—É–∫—Ü–∏—é, –µ—Å–ª–∏ –≤ –Ω–µ–π –Ω–µ—Ç –Ω–∏—á–µ–≥–æ –ø—Ä–æ —É—Ç–µ—Ä—é —Ç–æ–≤–∞—Ä–∞ –ø—Ä–∏ –ø–µ—Ä–µ–º–µ—â–µ–Ω–∏–∏. –ò —á—Ç–æ –∞–≤—Ç–æ–º–∞—Ç–∏—á–µ—Å–∫–æ–π –∫–æ–º–ø–µ–Ω—Å–∞—Ü–∏–∏ –Ω–µ—Ç –∑–∞ —Ç–æ —á—Ç–æ –≤—ã –ø–µ—Ä–µ–º–µ—Å—Ç–∏–ª–∏ –ø—Ä–æ—Å—Ç–æ –º–æ–∏ —Ç–æ–≤–∞—Ä—ã.",,,False,,"MessageReactions(results=[ReactionCount(reaction=ReactionEmoji(emoticon='üëÄ'), count=1, chosen_order=None)], min=False, can_see_list=True, reactions_as_tags=False, recent_reactions=[MessagePeerReaction(peer_id=PeerUser(user_id=5881371972), date=datetime.datetime(2026, 1, 19, 15, 45, 11, tzinfo=datetime.timezone.utc), reaction=ReactionEmoji(emoticon='üëÄ'), big=False, unread=False, my=False)], top_reactors=[])",1.0
314906,2026-01-19 15:43:27+00:00,"@YandexMarketSupportBot –ü—Ä–µ—Ç–µ–Ω–∑–∏—é —É–¥–æ–≤–ª–µ—Ç–≤–æ—Ä–∏–ª–∏, –Ω–æ –ö—É–¥–∞ –í—ã —Å–æ–±—Ä–∞–ª–∏—Å—å –ø–µ—Ä–µ–≤–æ–¥–∏—Ç—å? –ö–æ–º–ø–∞–Ω–∏—è –ª–∏–∫–≤–∏–¥–∏—Ä–æ–≤–∞–Ω–∞. –ü—Ä–æ—Å—Ç–æ –æ–±–Ω—É–ª–∏—Ç–µ –¥–æ–ª–≥ –∏ –±–æ–ª—å—à–µ –Ω–µ –Ω–∞—á–∏—Å–ª—è–π—Ç–µ –æ–ø–ª–∞—Ç—É –∑–∞ –æ—Ç–∑—ã–≤—ã –∑–∞ –±–∞–ª–ª—ã –ø–æ —Ç–æ–º—É –¥–æ–≥–æ–≤–æ—Ä—É —Å —é—Ä –ª–∏—Ü–æ–º",,,False,,,
314905,2026-01-19 15:41:38+00:00,"–ó–¥—Ä–∞–≤—Å—Ç–≤—É–π—Ç–µ, –ü–∞–≤–µ–ª!

–í–æ–∑–≤—Ä–∞—â–∞–µ–º—Å—è –∫ –≤–∞–º —Å –æ—Ç–≤–µ—Ç–æ–º –ø–æ –ø–æ–≤–æ–¥—É –º–µ–∂—Å–∫–ª–∞–¥—Å–∫–æ–≥–æ –ø–µ—Ä–µ–º–µ—â–µ–Ω–∏—è. –î–∞–≤–∞–π—Ç–µ —Ä–∞–∑–±–µ—Ä—ë–º –≤—Å—ë –ø–æ –ø–æ—Ä—è–¥–∫—É üôåüèª

–°–∏—Å—Ç–µ–º–∞ —Å–æ–∑–¥–∞—ë—Ç –∑–∞—è–≤–∫—É –Ω–∞ –ø–µ—Ä–µ–º–µ—â–µ–Ω–∏–µ –Ω–∞ –æ—Å–Ω–æ–≤–µ –¥–∞–Ω–Ω—ã—Ö –æ–± –æ—Å—Ç–∞—Ç–∫–∞—Ö —Ç–æ–≤–∞—Ä–∞ –Ω–∞ –∏—Å—Ö–æ–¥—è—â–µ–º —Å–∫–ª–∞–¥–µ. –û–¥–Ω–∞–∫–æ –ø—Ä–∏ —Å–±–æ—Ä–µ —Ç–æ–≤–∞—Ä–∞ –ø–æ —ç—Ç–æ–π –∑–∞—è–≤–∫–µ —Ä–∞–±–æ—Ç–Ω–∏–∫–∏ –º–æ–≥—É—Ç –æ–±–Ω–∞—Ä—É–∂–∏—Ç—å, —á—Ç–æ —Ñ–∏–∑–∏—á–µ—Å–∫–∏ —Ç–æ–≤–∞—Ä–∞ –º–µ–Ω—å—à–µ, —á–µ–º —É–∫–∞–∑–∞–Ω–æ –≤ –∑–∞—è–≤–∫–µ. –û–Ω–∏ –æ—Ç–º–µ—á–∞—é—Ç —Ñ–∞–∫—Ç–∏—á–µ—Å–∫–æ–µ –∫–æ–ª–∏—á–µ—Å—Ç–≤–æ —Å–æ–±—Ä–∞–Ω–Ω–æ–≥–æ, –∏ –≤ –¥–æ–∫—É–º–µ–Ω—Ç–µ –ø–æ—è–≤–ª—è–µ—Ç—Å—è –Ω–µ–¥–æ—Å—Ç–∞—á–∞. –≠—Ç–æ –Ω–µ —É—Ç–µ—Ä—è —Ç–æ–≤–∞—Ä–∞ –ø—Ä–∏ –ø–µ—Ä–µ–º–µ—â–µ–Ω–∏–∏, –∞ –Ω–µ–¥–æ—Å—Ç–∞—á–∞, –∫–æ—Ç–æ—Ä–∞—è –≤–æ–∑–Ω–∏–∫–ª–∞ –µ—â—ë –Ω–∞ —ç—Ç–∞–ø–µ —Ö—Ä–∞–Ω–µ–Ω–∏—è —Ç–æ–≤–∞—Ä–∞ –Ω–∞ —Å–∫–ª–∞–¥–µ. 

–í —Ç–∞–∫–æ–π —Å–∏—Ç—É–∞—Ü–∏–∏ –Ω—É–∂–Ω–æ –Ω–∞–ø–∏—Å–∞—Ç—å –Ω–∞–º –∏–ª–∏ —Å–æ–∑–¥–∞—Ç—å –æ–±—Ä–∞—â–µ–Ω–∏–µ –≤ –ª–∏—á–Ω–æ–º –∫–∞–±–∏–Ω–µ—Ç–µ, —á—Ç–æ–±—ã –≤—ã—è—Å–Ω–∏—Ç—å —Å—É–¥—å–±—É —Ç–æ–≤–∞—Ä–∞ –∏ –ø—Ä–∏—á–∏–Ω—É –ø–æ—è–≤–ª–µ–Ω–∏—è ""–Ω–µ–¥–æ—Å—Ç–∞—á–∏"" –≤ –∑–∞—è–≤–∫–µ. –ï—Å–ª–∏ –ø–æ–¥—Ç–≤–µ—Ä–¥–∏—Ç—Å—è –ø–æ—Ç–µ—Ä—è —Ç–æ–≤–∞—Ä–∞, —Ç–æ –Ω–µ–æ–±—Ö–æ–¥–∏–º–æ –æ—Ñ–æ—Ä–º–∏—Ç—å –ø—Ä–µ—Ç–µ–Ω–∑–∏—é, –∞ –µ—Å–ª–∏ —Ç–æ–≤–∞—Ä –±—É–¥–µ—Ç –ø–µ—Ä–µ–º–µ—â—ë–Ω –≤ –∫–∞—Ä–∞–Ω—Ç–∏–Ω - —Å–ª–µ–¥—É–µ—Ç –¥–æ–∂–¥–∞—Ç—å—Å—è –∏–Ω–≤–µ–Ω—Ç–∞—Ä–∏–∑–∞—Ü–∏–∏: –≤–æ–∑–º–æ–∂–Ω–æ, —Ç–æ–≤–∞—Ä –±—É–¥–µ—Ç –Ω–∞–π–¥–µ–Ω. –ú—ã –≤–Ω–∏–º–∞—Ç–µ–ª—å–Ω–æ –ø—Ä–æ–≤–µ—Ä–∏–º –∏–Ω—Ñ–æ—Ä–º–∞—Ü–∏—é –∏ –ø–æ–º–æ–∂–µ–º –≤–∞–º –≤ —ç—Ç–æ–º –≤–æ–ø—Ä–æ—Å–µ.

–°–∞–º –º–µ—Ö–∞–Ω–∏–∑–º –∞–≤—Ç–æ–∫–æ–º–ø–µ–Ω—Å–∞—Ü–∏–∏ —Ä–∞–±–æ—Ç–∞–µ—Ç —Ç–æ–ª—å–∫–æ –¥–ª—è –∑–∞–∫–∞–∑–æ–≤, –ø–æ—Ç–µ—Ä—è–Ω–Ω—ã—Ö –ú–∞—Ä–∫–µ—Ç–æ–º –∏ –Ω–µ –≤—ã–∫—É–ø–ª–µ–Ω–Ω—ã—Ö –ø–æ–∫—É–ø–∞—Ç–µ–ª—è–º–∏. –ï—Å–ª–∏ –∂–µ —Ç–æ–≤–∞—Ä –±—ã–ª —É—Ç–µ—Ä—è–Ω –≤ –ø—Ä–æ—Ü–µ—Å—Å–µ —Ö—Ä–∞–Ω–µ–Ω–∏—è –∏–ª–∏ –ø–µ—Ä–µ–º–µ—â–µ–Ω–∏—è, –∞–≤—Ç–æ–∫–æ–º–ø–µ–Ω—Å–∞—Ü–∏—è –Ω–µ –ø—Ä–∏–º–µ–Ω—è–µ—Ç—Å—è - –≤ —Ç–∞–∫–æ–º —Å–ª—É—á–∞–µ –æ–±—è–∑–∞—Ç–µ–ª—å–Ω–æ –Ω—É–∂–Ω–æ –ø–æ–¥–∞—Ç—å –ø—Ä–µ—Ç–µ–Ω–∑–∏—é",,,False,"MessageMediaWebPage(webpage=WebPage(id=8953082221782318864, url='https://yandex.ru/support/marketplace/ru/orders/lost', display_url='yandex.ru/support/marketplace/ru/orders/lost', hash=0, has_large_media=False, video_cover_photo=False, type='article', site_name='yandex.ru', title='–ß—Ç–æ –¥–µ–ª–∞—Ç—å, –µ—Å–ª–∏ –∑–∞–∫–∞–∑ –ø–æ—Ç–µ—Ä—è–ª—Å—è |', description='–ú–∞—Ä–∫–µ—Ç –∫–æ–º–ø–µ–Ω—Å–∏—Ä—É–µ—Ç –¥–µ–Ω—å–≥–∏ –∑–∞ –∑–∞–∫–∞–∑—ã, –∫–æ—Ç–æ—Ä—ã–µ –ø–æ—Ç–µ—Ä—è–ª–∏—Å—å –Ω–∞ –ø—É—Ç–∏ –∫ –ø–æ–∫—É–ø–∞—Ç–µ–ª—é –∏–ª–∏ –æ–±—Ä–∞—Ç–Ω–æ, –≤–æ–∑–≤—Ä–∞—â–∞—è—Å—å –∫ –≤–∞–º –∏–ª–∏ –Ω–∞ —Å–∫–ª–∞–¥ –ú–∞—Ä–∫–µ—Ç–∞. –ö–æ–º–ø–µ–Ω—Å–∞—Ü–∏—è –ø—Ä–æ–∏—Å—Ö–æ–¥–∏—Ç –∞–≤—Ç–æ–º–∞', photo=None, embed_url=None, embed_type=None, embed_width=None, embed_height=None, duration=None, author=None, document=None, cached_page=None, attributes=[]), force_large_media=False, force_small_media=False, manual=False, safe=False)",,
314901,2026-01-19 15:15:21+00:00,–°–ø–∞—Å–∏–±–æ –∑–∞ —É—Ç–æ—á–Ω–µ–Ω–∏–µ. –°–∫–æ—Ä–æ –≤–µ—Ä–Ω—ë–º—Å—è –∫ –≤–∞–º —Å –æ—Ç–≤–µ—Ç–æ–º –≤ –ª–∏—á–Ω—ã—Ö —Å–æ–æ–±—â–µ–Ω–∏—è—Ö,,,False,,,
314898,2026-01-19 15:13:54+00:00,"–í–∏–∂—É, —Ç–∞–∫ –∂–µ –Ω–∞–ø—Ä–∞–≤–∏–ª–∞ –æ—Ç–≤–µ—Ç –≤–∞–º —Ç–∞–º –∂–µ",,,False,,"MessageReactions(results=[ReactionCount(reaction=ReactionEmoji(emoticon='‚úç'), count=1, chosen_order=None)], min=False, can_see_list=True, reactions_as_tags=False, recent_reactions=[MessagePeerReaction(peer_id=PeerUser(user_id=5881371972), date=datetime.datetime(2026, 1, 19, 15, 14, 38, tzinfo=datetime.timezone.utc), reaction=ReactionEmoji(emoticon='‚úç'), big=False, unread=False, my=False)], top_reactors=[])",
314896,2026-01-19 15:11:43+00:00,"–Æ–ª–∏—è, –æ—Ç–ø—Ä–∞–≤–∏–ª–∏ –≤–∞–º –∏–Ω—Ñ–æ—Ä–º–∞—Ü–∏—é –ø–æ —Å—É–º–º–µ –≤ –ª–∏—á–Ω—ã–µ —Å–æ–æ–±—â–µ–Ω–∏—è. –ü—Ä–æ–≤–µ—Ä—å—Ç–µ, –ø–æ–∂–∞–ª—É–π—Å—Ç–∞",,,False,,,
314882,2026-01-19 14:41:32+00:00,"–≠—Ç–æ –∫—Ä–∞—Å–∏–≤–æ. –í–æ–ø—Ä–æ—Å —Ç–æ–ª—å–∫–æ, –≥–¥–µ —ç—Ç–æ –ø—Ä–æ–ø–∏—Å–∞–Ω–æ",,,False,,,
314865,2026-01-19 14:19:13+00:00,"–ó–¥—Ä–∞–≤—Å—Ç–≤—É–π—Ç–µ, –ê–Ω–¥—Ä–µ–π!

–í—ã –º–æ–∂–µ—Ç–µ –æ—Å–ø–æ—Ä–∏—Ç—å —Ä–∞–∑–º–µ—Ä –∫–æ–º–ø–µ–Ω—Å–∞—Ü–∏–∏ –≤ —Ç–µ—á–µ–Ω–∏–µ 30 –∫–∞–ª–µ–Ω–¥–∞—Ä–Ω—ã—Ö –¥–Ω–µ–π —Å –º–æ–º–µ–Ω—Ç–∞ –ø–æ–ª—É—á–µ–Ω–∏—è —É–≤–µ–¥–æ–º–ª–µ–Ω–∏—è –æ —Ä–µ—à–µ–Ω–∏–∏ –ú–∞—Ä–∫–µ—Ç–∞. –î–ª—è —ç—Ç–æ–≥–æ –æ—Ç–ø—Ä–∞–≤—å—Ç–µ –≤ –ª–∏—á–Ω–æ–º –∫–∞–±–∏–Ω–µ—Ç–µ –∑–∞—è–≤–∫—É –Ω–∞ –ø–µ—Ä–µ—Å–º–æ—Ç—Ä —Å—É–º–º—ã –∫–æ–º–ø–µ–Ω—Å–∞—Ü–∏–∏ –≤–º–µ—Å—Ç–µ —Å –∞–∫—Ç–æ–º –æ –≤—ã—è–≤–ª–µ–Ω–Ω—ã—Ö –ø–æ–≤—Ä–µ–∂–¥–µ–Ω–∏—è—Ö",,,False,,"MessageReactions(results=[ReactionCount(reaction=ReactionEmoji(emoticon='üëé'), count=3, chosen_order=None), ReactionCount(reaction=ReactionEmoji(emoticon='ü§Æ'), count=1, chosen_order=None)], min=False, can_see_list=True, reactions_as_tags=False, recent_reactions=[MessagePeerReaction(peer_id=PeerUser(user_id=6058414546), date=datetime.datetime(2026, 1, 19, 16, 56, 22, tzinfo=datetime.timezone.utc), reaction=ReactionEmoji(emoticon='üëé'), big=False, unread=False, my=False), MessagePeerReaction(peer_id=PeerUser(user_id=2007142062), date=datetime.datetime(2026, 1, 19, 14, 44, 37, tzinfo=datetime.timezone.utc), reaction=ReactionEmoji(emoticon='üëé'), big=False, unread=False, my=False), MessagePeerReaction(peer_id=PeerUser(user_id=268956759), date=datetime.datetime(2026, 1, 19, 14, 40, 29, tzinfo=datetime.timezone.utc), reaction=ReactionEmoji(emoticon='üëé'), big=False, unread=False, my=False)], top_reactors=[])",
314861,2026-01-19 14:13:24+00:00,"–ü–æ—á–µ–º—É —Ä–µ—à–µ–Ω–∏–µ –æ –≤–æ–∑–≤—Ä–∞—Ç–µ –ø—Ä–∏–Ω–∏–º–∞–µ—Ç –∫–∞–∫–æ–π —Ç–æ –∞–ª–≥–æ—Ä–∏—Ç–º –º–∞—Ä–∫–µ—Ç–∞? –ú–Ω–µ —Å–µ–≥–æ–¥–Ω—è –ø—Ä–∏–≤–µ–∑–ª–∏ –≤–æ–∑–≤—Ä–∞—Ç –≤–æ–æ–±—â–µ –±–µ–∑ —É–ø–∞–∫–æ–≤–∫–∏ –∏ —Å–æ —Å–ª–µ–¥–∞–º–∏ —É—Å—Ç–∞–Ω–æ–≤–∫–∏. –Ø–ú –º–Ω–µ –æ—Ç–≤–µ—Ç–∏–ª, —á—Ç–æ 20% –∫–æ–º–ø–µ–Ω—Å–∏—Ä—É—é—Ç. –ê –æ—Å—Ç–∞–ª—å–Ω—ã–µ 80 –º–Ω–µ –≥–¥–µ –≤–∑—è—Ç—å? 

–ü—Ä–∏—á–µ–º –ø—Ä–∏ –≤–æ–∑–≤—Ä–∞—Ç–µ –∫–ª–∏–µ–Ω—Ç —Ç–∞–∫ –∏ –Ω–∞–ø–∏—Å–∞–ª, —Ñ–æ—Ç–æ –¥–µ–ª–∞—Ç—å –Ω–µ –≤–∏–∂—É —Å–º—ã—Å–ª–∞, —Ñ–æ—Ç–æ —Ç–æ–≤–∞—Ä–∞ –Ω–∞—à–µ–ª –≤ –∏–Ω—Ç–µ—Ä–Ω–µ—Ç–µ –∏ –µ–≥–æ –ø—Ä–∏–ª–∞–≥–∞—é –∫ –≤–æ–∑–≤—Ä–∞—Ç—É.",,,False,,"MessageReactions(results=[ReactionCount(reaction=ReactionEmoji(emoticon='ü§£'), count=3, chosen_order=None), ReactionCount(reaction=ReactionEmoji(emoticon='üëç'), count=1, chosen_order=None), ReactionCount(reaction=ReactionEmoji(emoticon='ü§¨'), count=1, chosen_order=None), ReactionCount(reaction=ReactionEmoji(emoticon='üëÄ'), count=1, chosen_order=None)], min=False, can_see_list=True, reactions_as_tags=False, recent_reactions=[MessagePeerReaction(peer_id=PeerUser(user_id=6058414546), date=datetime.datetime(2026, 1, 19, 16, 56, 40, tzinfo=datetime.timezone.utc), reaction=ReactionEmoji(emoticon='üëç'), big=False, unread=False, my=False), MessagePeerReaction(peer_id=PeerUser(user_id=1009204746), date=datetime.datetime(2026, 1, 19, 15, 8, 17, tzinfo=datetime.timezone.utc), reaction=ReactionEmoji(emoticon='ü§£'), big=False, unread=False, my=False), MessagePeerReaction(peer_id=PeerUser(user_id=331475743), date=datetime.datetime(2026, 1, 19, 15, 4, 56, tzinfo=datetime.timezone.utc), reaction=ReactionEmoji(emoticon='ü§£'), big=False, unread=False, my=False)], top_reactors=[])",1.0
314858,2026-01-19 13:56:07+00:00,"–í –ø—Ä–æ–¥–æ–ª–∂–µ–Ω–∏–∏ —Ç–µ–º—ã –ø—Ä–æ –≤–æ–∑–≤—Ä–∞—Ç—ã. –í–æ—Ç, —á—Ç–æ –ø–∏—à–µ—Ç –ê–£–†–≠–ö.

@YandexMarketSupportBot –Ω–∞—É—á–∏—Ç–µ —Å–æ—Ç—Ä—É–¥–Ω–∏–∫–æ–≤ –ø–≤–∑ –≤—ã–ø–æ–ª–Ω—è—Ç—å –ø—Ä–∞–≤–∏–ª–∞ —Ä–∞–±–æ—Ç—ã!",,,False,,,
314857,2026-01-19 13:55:05+00:00,"ü§î –ß—Ç–æ –¥–µ–ª–∞—Ç—å, –µ—Å–ª–∏ –ø–æ–∫—É–ø–∞—Ç–µ–ª—å –≤—Å–∫—Ä—ã–ª –∑–∞–≤–æ–¥—Å–∫—É—é —É–ø–∞–∫–æ–≤–∫—É —Ç–æ–≤–∞—Ä–∞ –Ω–∞ –ü–í–ó –∏ —Ö–æ—á–µ—Ç –æ—Ç–∫–∞–∑–∞—Ç—å—Å—è –æ—Ç –Ω–µ–≥–æ? 

–í–æ–∑–≤—Ä–∞—Ç —Ç–æ–≤–∞—Ä–∞ –Ω–∞ –ø—É–Ω–∫—Ç–µ –≤—ã–¥–∞—á–∏ –∑–∞–∫–∞–∑–æ–≤ ‚Äî —Å—Ç–∞–Ω–¥–∞—Ä—Ç–Ω–∞—è –ø—Ä–æ—Ü–µ–¥—É—Ä–∞. –ù–æ –æ–Ω–∞ –æ—Å–ª–æ–∂–Ω—è–µ—Ç—Å—è, –µ—Å–ª–∏ –ø–æ–∫—É–ø–∞—Ç–µ–ª—å —É–∂–µ –≤—Å–∫—Ä—ã–ª –≥–µ—Ä–º–µ—Ç–∏—á–Ω—É—é –∑–∞–≤–æ–¥—Å–∫—É—é —É–ø–∞–∫–æ–≤–∫—É –∏ —Ä–µ—à–∏–ª –æ—Ç–∫–∞–∑–∞—Ç—å—Å—è –æ—Ç —Ç–æ–≤–∞—Ä–∞. 

–î–æ–ø—É—Å—Ç–∏–º, –∫–ª–∏–µ–Ω—Ç –∑–∞–∫–∞–∑–∞–ª —Ç–µ–ª–µ—Ñ–æ–Ω. –î–µ–π—Å—Ç–≤–∏—è —Å–æ—Ç—Ä—É–¥–Ω–∏–∫–∞  –ü–í–ó –≤ –¥–∞–Ω–Ω–æ–π —Å–∏—Ç—É–∞—Ü–∏–∏: 

1Ô∏è‚É£ –ü—Ä–æ–≥–æ–≤–æ—Ä–∏—Ç—å –ø–æ–∫—É–ø–∞—Ç–µ–ª—é –≤–∞–∂–Ω–æ–µ —É—Å–ª–æ–≤–∏–µ –ø—Ä–∏ –≤—ã–¥–∞—á–µ —Ç–æ–≤–∞—Ä–∞ –Ω–µ –ø–æ–¥–ª–µ–∂–∞—â–µ–≥–æ –ø—Ä–∏–º–µ—Ä–∫–µ (–Ω–∞–ø—Ä–∏–º–µ—Ä, —Ç–µ–ª–µ—Ñ–æ–Ω–∞): –≤—Å–∫—Ä—ã—Ç–∏–µ —Ä–∞–∑—Ä–µ—à–µ–Ω–æ —Ç–æ–ª—å–∫–æ –¥–æ –∑–∞–≤–æ–¥—Å–∫–æ–π —É–ø–∞–∫–æ–≤–∫–∏ –∏ —Ç–æ–ª—å–∫–æ –ø–æ–¥ –∫–∞–º–µ—Ä–æ–π

2Ô∏è‚É£ –ü—Ä–æ–∫–æ–Ω—Ç—Ä–æ–ª–ª–∏—Ä–æ–≤–∞—Ç—å –ø—Ä–æ—Ü–µ—Å—Å: –æ—Ç—Å–ª–µ–¥–∏—Ç—å, —á—Ç–æ–±—ã –∫–ª–∏–µ–Ω—Ç –Ω–µ –Ω–∞—Ä—É—à–∏–ª —Ü–µ–ª–æ—Å—Ç–Ω–æ—Å—Ç—å –∑–∞–≤–æ–¥—Å–∫–æ–π —É–ø–∞–∫–æ–≤–∫–∏ (–ø–ª–µ–Ω–∫–∏, –ø–ª–æ–º–±—ã)

3Ô∏è‚É£ –ó–∞—Ñ–∏–∫—Å–∏—Ä–æ–≤–∞—Ç—å —Ñ–∞–∫—Ç –Ω–∞—Ä—É—à–µ–Ω–∏—è –∑–∞–≤–æ–¥—Å–∫–æ–π —É–ø–∞–∫–æ–≤–∫–∏: –µ—Å–ª–∏ —É–ø–∞–∫–æ–≤–∫–∞ –±—ã–ª–∞ –≤—Å–∫—Ä—ã—Ç–∞ ‚Äî —ç—Ç–æ —Å—á–∏—Ç–∞–µ—Ç—Å—è –æ—Å–Ω–æ–≤–∞–Ω–∏–µ–º –¥–ª—è –ø—Ä–æ–≤–µ–¥–µ–Ω–∏—è –≤—ã–¥–∞—á–∏. –¢–∞–∫–æ–π —Ç–æ–≤–∞—Ä –æ—Ç–∫–∞–∑—É –Ω–µ –ø–æ–¥–ª–µ–∂–∏—Ç.

–ö–ª–∏–µ–Ω—Ç –º–æ–∂–µ—Ç –≤—Å–∫—Ä—ã—Ç—å –Ω–∞ –ü–í–ó —Ç–æ–ª—å–∫–æ —Å–µ–π—Ñ-–ø–∞–∫–µ—Ç, –≤ –∫–æ—Ç–æ—Ä–æ–º –ø—Ä–∏–µ—Ö–∞–ª —Ç–æ–≤–∞—Ä. –ó–∞–≤–æ–¥—Å–∫—É—é —É–ø–∞–∫–æ–≤–∫—É –ø—Ä–∏ –æ—Ç–∫–∞–∑–µ –æ—Ç —Ç–æ–≤–∞—Ä–∞ –≤—Å–∫—Ä—ã–≤–∞—Ç—å –Ω–µ–ª—å–∑—è!

–ï—Å–ª–∏ –∫–ª–∏–µ–Ω—Ç –≤—Å–µ-—Ç–∞–∫–∏ –≤—Å–∫—Ä—ã–ª —Ç–æ–≤–∞—Ä –∏ —Ä–µ—à–∏–ª –æ—Ç –Ω–µ–≥–æ –æ—Ç–∫–∞–∑–∞—Ç—å—Å—è, –∞ —Å–æ—Ç—Ä—É–¥–Ω–∏–∫ –ü–í–ó –Ω–µ –ø—Ä–µ–¥—É–ø—Ä–µ–¥–∏–ª –æ –ø—Ä–∞–≤–∏–ª–∞—Ö, —Ç–æ –≤—ã–∫—É–ø —Ç–æ–≤–∞—Ä–∞ –±—É–¥–µ—Ç –Ω–∞ —É—Å–º–æ—Ç—Ä–µ–Ω–∏–∏ –∏ —Å–æ–≤–µ—Å—Ç–∏ –∫–ª–∏–µ–Ω—Ç–∞. –ï—Å–ª–∏ –∫–ª–∏–µ–Ω—Ç –æ—Ç–∫–∞–∂–µ—Ç—Å—è –≤—ã–∫—É–ø–∞—Ç—å –≤—Å–∫—Ä—ã—Ç—ã–π —Ç–æ–≤–∞—Ä, —Ç–æ —Å—Ç–æ–∏–º–æ—Å—Ç—å —Ç–µ–ª–µ—Ñ–æ–Ω–∞ –ø—Ä–∏–¥–µ—Ç—Å—è –≤–æ–∑–º–µ—Å—Ç–∏—Ç—å –ü–í–ó.

–ö —Å–æ–∂–∞–ª–µ–Ω–∏—é, —Ç–∞–∫–∏–µ —Å–∏—Ç—É–∞—Ü–∏–∏ –±—ã–≤–∞—é—Ç, –∏ —ç—Ç–æ –ø—Ä–µ–¥–ø—Ä–∏–Ω–∏–º–∞—Ç–µ–ª—å—Å–∫–∏–µ —Ä–∏—Å–∫–∏. –ö–ª—é—á–µ–≤–∞—è –æ—Ç–≤–µ—Ç—Å—Ç–≤–µ–Ω–Ω–æ—Å—Ç—å —Å–æ—Ç—Ä—É–¥–Ω–∏–∫–∞ –ü–í–ó ‚Äî –ª–∏—á–Ω–æ –∏ —á—ë—Ç–∫–æ –ø—Ä–µ–¥—É–ø—Ä–µ–¥–∏—Ç—å –∫–ª–∏–µ–Ω—Ç–∞ –æ –∑–∞–ø—Ä–µ—Ç–µ –Ω–∞ –≤—Å–∫—Ä—ã—Ç–∏–µ –∑–∞–≤–æ–¥—Å–∫–æ–π —É–ø–∞–∫–æ–≤–∫–∏. –ò–º–µ–Ω–Ω–æ —ç—Ç–æ –ø—Ä—è–º–æ–µ –¥–µ–π—Å—Ç–≤–∏–µ —è–≤–ª—è–µ—Ç—Å—è –≥–ª–∞–≤–Ω–æ–π –æ–±—è–∑–∞–Ω–Ω–æ—Å—Ç—å—é –ø–æ –ø—Ä–µ–¥–æ—Ç–≤—Ä–∞—â–µ–Ω–∏—é —Å–ø–æ—Ä–Ω—ã—Ö —Å–∏—Ç—É–∞—Ü–∏–π –∏ —Ñ–∏–Ω–∞–Ω—Å–æ–≤—ã—Ö –ø–æ—Ç–µ—Ä—å.

–í–æ –≤—Å–µ—Ö –æ—Å—Ç–∞–ª—å–Ω—ã—Ö —Å–∏—Ç—É–∞—Ü–∏—è—Ö (–≤–æ–∑–≤—Ä–∞—Ç, –∞–≤—Ç–æ–æ—Ç–º–µ–Ω–∞ –∏–ª–∏ –æ—Ç–∫–∞–∑ –±–µ–∑ –≤—Å–∫—Ä—ã—Ç–∏—è –∑–∞–≤–æ–¥—Å–∫–æ–π —É–ø–∞–∫–æ–≤–∫–∏) –Ω—É–∂–Ω–æ –¥–µ–π—Å—Ç–≤–æ–≤–∞—Ç—å –ø–æ —Å—Ç–∞–Ω–¥–∞—Ä—Ç–Ω–æ–º—É —Ä–µ–≥–ª–∞–º–µ–Ω—Ç—É.",1186.0,36.0,False,,,2.0
314854,2026-01-19 13:48:43+00:00,–ü—Ä–æ–≤–µ—Ä–∏–º –∏–Ω—Ñ–æ—Ä–º–∞—Ü–∏—é –∏ —Å –æ—Ç–≤–µ—Ç–æ–º –≤ –±–ª–∏–∂–∞–π—à–µ–µ –≤—Ä–µ–º—è –≤–µ—Ä–Ω—ë–º—Å—è —Å—é–¥–∞,,,False,,,
314850,2026-01-19 13:43:35+00:00,"–Ø –Ω–∞ –Ω–∏—Ö —Å–º–æ—Ç—Ä—é, –Ω–æ –±—ã–ª–æ –±—ã —Ö–æ—Ä–æ—à–æ –ø–æ–Ω—è—Ç—å –≥–¥–µ —É–≤–∏–¥–µ—Ç—å —Ä–µ–∞–ª—å–Ω—É—é —Å—É–º–º—É, –∫–æ—Ç–æ—Ä—É—é –æ—Å—Ç–∞–ª–æ—Å—å —É–¥–µ—Ä–∂–∞—Ç—å –ø–æ –≤–∑–∞–∏–º–æ–∑–∞—á–µ—Ç—É?",,,False,,"MessageReactions(results=[ReactionCount(reaction=ReactionEmoji(emoticon='‚úç'), count=1, chosen_order=None)], min=False, can_see_list=True, reactions_as_tags=False, recent_reactions=[MessagePeerReaction(peer_id=PeerUser(user_id=5881371972), date=datetime.datetime(2026, 1, 19, 13, 48, 1, tzinfo=datetime.timezone.utc), reaction=ReactionEmoji(emoticon='‚úç'), big=False, unread=False, my=False)], top_reactors=[])",
314849,2026-01-19 13:40:31+00:00,"–ó–¥—Ä–∞–≤—Å—Ç–≤—É–π—Ç–µ, –Æ–ª–∏—è!

–í–∏–¥–∂–µ—Ç –æ–±–Ω–æ–≤–ª—è–µ—Ç—Å—è –≤ —Ç–µ—á–µ–Ω–∏–µ 2-4 –¥–Ω–µ–π, –ø–æ—ç—Ç–æ–º—É –∏–Ω—Ñ–æ—Ä–º–∞—Ü–∏—è –º–æ–∂–µ—Ç –±—ã—Ç—å –Ω–µ–∞–∫—Ç—É–∞–ª—å–Ω–æ–π. –î–ª—è –±–æ–ª–µ–µ —Ç–æ—á–Ω—ã—Ö —Ä–∞—Å—á—ë—Ç–æ–≤ —Ä–µ–∫–æ–º–µ–Ω–¥—É–µ–º –æ—Ä–∏–µ–Ω—Ç–∏—Ä–æ–≤–∞—Ç—å—Å—è –Ω–∞ —Ñ–∏–Ω–∞–Ω—Å–æ–≤—ã–µ –æ—Ç—á—ë—Ç—ã",,,False,"MessageMediaWebPage(webpage=WebPage(id=8953082220811655116, url='https://yandex.ru/support/marketplace/ru/accounting/transactions', display_url='yandex.ru/support/marketplace/ru/accounting/transactions', hash=0, has_large_media=False, video_cover_photo=False, type='article', site_name='yandex.ru', title='–§–∏–Ω–∞–Ω—Å–æ–≤—ã–µ –æ—Ç—á–µ—Ç—ã |', description='–û—Ç—á–µ—Ç—ã –ø–æ–º–æ–≥–∞—é—Ç –æ—Ü–µ–Ω–∏—Ç—å —Ñ–∏–Ω–∞–Ω—Å–æ–≤—É—é —Å–∏—Ç—É–∞—Ü–∏—é –≤ –º–∞–≥–∞–∑–∏–Ω–µ ‚Äî –ø–æ—Å—á–∏—Ç–∞—Ç—å –¥–æ—Ö–æ–¥—ã –∏ —Ä–∞—Å—Ö–æ–¥—ã, –æ–ø—Ä–µ–¥–µ–ª–∏—Ç—å, –¥–æ—Å—Ç–∏–≥–Ω—É—Ç—ã –ª–∏ —Ü–µ–ª–∏, –≤—ã—è–≤–∏—Ç—å –≤–æ–∑–º–æ–∂–Ω—ã–µ –ø—Ä–æ–±–ª–µ–º—ã –∏ –Ω–∞–π—Ç–∏ –∏—Ö —Ä–µ—à–µ–Ω', photo=None, embed_url=None, embed_type=None, embed_width=None, embed_height=None, duration=None, author=None, document=None, cached_page=None, attributes=[]), force_large_media=False, force_small_media=False, manual=False, safe=False)",,
314844,2026-01-19 13:28:41+00:00,"–ö—Ç–æ –º–æ–∂–µ—Ç –ø–æ–¥—Å–∫–∞–∑–∞—Ç—å, –°–ü–ü –ø–æ –§–ë–° –∏ –§–ë–û –æ—Ç–ª–∏—á–∞–µ—Ç—Å—è –∏–ª–∏ –Ω–µ—Ç?",,,False,,"MessageReactions(results=[], min=False, can_see_list=True, reactions_as_tags=False, recent_reactions=[], top_reactors=[])",0.0
314843,2026-01-19 13:28:23+00:00,,,,False,"MessageMediaPhoto(spoiler=False, photo=Photo(id=5436112078050627340, access_hash=8951581107889237871, file_reference=b""\x02~\xc0\xb8\\\x00\x04\xcd\xdbinf\xd2\x16s\xa0'x\xef'\xbeO\x99\xf6( O&\x8f"", date=datetime.datetime(2026, 1, 19, 13, 28, 22, tzinfo=datetime.timezone.utc), sizes=[PhotoStrippedSize(type='i', bytes=b'\x01\x15(\xd6\n\x17\xa6\x7f\x12M-&\xe1\xebK@\x05\x14R\x12\x07Z\x00P>l\xf3E""\xb0n\x94Q`!\xfbG\xfb?\x86h\xfbO\xfb\x1f\xad\x14P\x01\xf6\x9f\xf6?Z>\xd3\xfe\xc7\xebE\x14\x00\x0b\x9f\xf6?Z(\xa2\x80?'), PhotoSize(type='m', w=320, h=167, size=4191), PhotoSizeProgressive(type='x', w=390, h=203, sizes=[1267, 1905, 3066, 3895, 5852])], dc_id=2, has_stickers=False, video_sizes=[]), ttl_seconds=None)",,0.0
314842,2026-01-19 13:28:23+00:00,,,,False,"MessageMediaPhoto(spoiler=False, photo=Photo(id=5436112078050627339, access_hash=-3066698722304881653, file_reference=b'\x02~\xc0\xb8\\\x00\x04\xcd\xdainf\xd23;\xcbSz0\xb2o\xdb\x1c\xe9uq\xd9\x9eg', date=datetime.datetime(2026, 1, 19, 13, 28, 22, tzinfo=datetime.timezone.utc), sizes=[PhotoStrippedSize(type='i', bytes=b'\x01\r(\xd6^;\xd1\xb8\xfaP)h\x00\xdd\xefF\xefz*\x17\xb7\x0e\xd9\xf3$\x19\xec\xae@\x14\x016h\xa6F\x81\x10.X\xfb\xb1\xc9\xa2\x80?'), PhotoSize(type='m', w=320, h=102, size=6796), PhotoSize(type='x', w=800, h=255, size=23432), PhotoSizeProgressive(type='y', w=1219, h=389, sizes=[4658, 10680, 19388, 27191, 45855])], dc_id=2, has_stickers=False, video_sizes=[]), ttl_seconds=None)",,0.0
314841,2026-01-19 13:28:23+00:00,"@YandexMarketSupportBot –ö–æ–ª–ª–µ–≥–∏, –∞ —á—Ç–æ —ç—Ç–æ –∑–∞ –∏–≥—Ä–∏—â–∞ —Ç–∞–∫–∏–µ? –í—Å—è –∏–Ω—Ñ–æ—Ä–º–∞—Ü–∏—è –Ω–∞ —Å–∫—Ä–∏–Ω—à–æ—Ç–∞—Ö —Å —Ä–∞–∑–Ω–∏—Ü–µ–π –≤ 3-5 –º–∏–Ω—É—Ç. –í—ã —Ç–∞–∫ –∏–∑–¥–µ–≤–∞–µ—Ç–µ—Å—å? –û—Ç–∫—É–¥–∞ –∫ —É–¥–µ—Ä–∂–∞–Ω–∏—é 3 –º–ª–Ω?! –í—ã —á—Ç–æ-—Ç–æ –Ω–∞–ø—É—Ç–∞–ª–∏. –£–∂–µ –¥–∞–≤–Ω–æ –ø–æ—Ä–∞ –≤—ã–ø–ª–∞—á–∏–≤–∞—Ç—å –¥–µ–Ω—å–≥–∏ –≤—ã –≤—Å–µ –µ—â–µ –Ω–µ –º–æ–∂–µ—Ç–µ –ø—Ä–æ–≤–µ—Å—Ç–∏ –≤–∑–∞–∏–º–æ–∑–∞—á–µ—Ç –Ω–µ—Å–º–æ—Ç—Ä—è –Ω–∞ —Ç–æ —á—Ç–æ –∑–∞–∫–∞–∑–æ–≤ —Ö–≤–∞—Ç–∞–µ—Ç.",,,False,"MessageMediaPhoto(spoiler=False, photo=Photo(id=5436112078050627338, access_hash=-5270588741754745906, file_reference=b""\x02~\xc0\xb8\\\x00\x04\xcd\xd9inf\xd2\xd9\xb6\xd6(\xd1\xa6\xdf\xa3\x9c4\xf4?5\xfe'\xde"", date=datetime.datetime(2026, 1, 19, 13, 28, 22, tzinfo=datetime.timezone.utc), sizes=[PhotoStrippedSize(type='i', bytes=b'\x01\x0c(\xd6#\x9f\xe2\xfc(\x03\x1e\xbf\x8d)U=@?Zv(\x01\xb4\x8cH\x1c\x02~\x94\xecQ\x8a\x00j\x92z\xa9\x14S\xf1E\x00\x7f'), PhotoSize(type='m', w=320, h=100, size=4583), PhotoSizeProgressive(type='x', w=506, h=158, sizes=[1308, 2207, 3689, 4874, 7761])], dc_id=2, has_stickers=False, video_sizes=[]), ttl_seconds=None)","MessageReactions(results=[ReactionCount(reaction=ReactionEmoji(emoticon='üëç'), count=1, chosen_order=None), ReactionCount(reaction=ReactionEmoji(emoticon='üëÄ'), count=1, chosen_order=None)], min=False, can_see_list=True, reactions_as_tags=False, recent_reactions=[MessagePeerReaction(peer_id=PeerUser(user_id=6058414546), date=datetime.datetime(2026, 1, 19, 16, 57, 55, tzinfo=datetime.timezone.utc), reaction=ReactionEmoji(emoticon='üëç'), big=False, unread=False, my=False), MessagePeerReaction(peer_id=PeerUser(user_id=5881371972), date=datetime.datetime(2026, 1, 19, 13, 32, 34, tzinfo=datetime.timezone.utc), reaction=ReactionEmoji(emoticon='üëÄ'), big=False, unread=False, my=False)], top_reactors=[])",6.0
314837,2026-01-19 13:16:28+00:00,–≤—ã –≤—Å–µ–º –∑–¥–µ—Å—å –ø–æ—á–µ–º—É –Ω–µ —Ö–æ—Ç–∏—Ç–µ –Ω–∞–ø–∏—Å–∞—Ç—å –∫–∞–∫–æ–π –ø—Ä–æ—Ü–µ–Ω—Ç –∫–æ–º–ø–µ–Ω—Å–∏—Ä–æ–≤–∞–ª–∏ –∏–ª–∏ –≤–æ–≤—Å–µ –Ω–µ –∫–æ–º–ø–µ–Ω—Å–∏—Ä–æ–≤–∞–ª–∏ ??? @YandexMarketSupportBot,,,False,,,
314836,2026-01-19 13:15:57+00:00,"–û–±—Ä–∞—â–µ–Ω–∏–µ –∑–∞–∫—Ä—ã—Ç–æ, —Ç–∞–∫ –∫–∞–∫ –æ—Ä–∏–µ–Ω—Ç–∏—Ä–æ–≤–∞–ª–∏ –≤–∞—Å –Ω–∞ –ø–æ–¥–∞—á—É –ø—Ä–µ—Ç–µ–Ω–∑–∏–∏. –î–æ–∂–¥–∏—Ç–µ—Å—å, –ø–æ–∂–∞–ª—É–π—Å—Ç–∞, –∑–∞–≤–µ—Ä—à–µ–Ω–∏—è –ø—Ä–æ–≤–µ—Ä–∫–∏ –ø–æ –∑–∞–∫–∞–∑—É",,,False,,,
314835,2026-01-19 13:15:45+00:00,"–í—Å—ë –ø—Ä–æ–≤–µ—Ä–∏–ª–∏. –¢–æ–≤–∞—Ä SKU tx850shtang_lite_akb —É–∂–µ –æ—Ç–æ–±—Ä–∞–∂–∞–µ—Ç—Å—è –Ω–∞ –≤–∏—Ç—Ä–∏–Ω–µ –∏ –¥–æ—Å—Ç—É–ø–µ–Ω –¥–ª—è –∑–∞–∫–∞–∑–∞ –ø–æ–∫—É–ø–∞—Ç–µ–ª—è–º.

–ï—Å–ª–∏ —É –≤–∞—Å –µ—â—ë –æ—Å—Ç–∞–ª–∏—Å—å –≤–æ–ø—Ä–æ—Å—ã - –∑–∞–¥–∞–π—Ç–µ –∏—Ö —Ç—É—Ç. –í–æ –≤—Å—ë–º –ø–æ–º–æ–∂–µ–º",,,False,,,
314834,2026-01-19 13:15:41+00:00,"—É –Ω–∞—Å —Ç–æ–∂–µ –º–Ω–æ–≥–æ —Ç–∞–∫–∏—Ö –∏—Å—Ç–æ—Ä–∏–π.
–ß–∞—Å—ã, –∞–∏—Ä–ø–æ–¥—Å—ã –º–µ–Ω—è—é—Ç –Ω–∞ –ø–æ–¥–¥–µ–ª–∫—É –ø—Ä—è–º–æ –≤ –ø–≤–∑ –∏ —Ç–æ–≤–∞—Ä –≤–æ–∑–≤—Ä–∞—â–∞–µ—Ç—Å—è –∫–∞–∫ –Ω–µ–≤—ã–∫—É–ø. –æ—Å–ø–æ—Ä–∏—Ç—å —Å–ª–æ–∂–Ω–æ –∏ –¥–æ–ª–≥–æ, –æ—á–µ–Ω—å –º–Ω–æ–≥–æ –≤—Ä–µ–º–µ–Ω–∏ –∏ —Å–∏–ª —É—Ö–æ–¥–∏—Ç –Ω–∞ —Ä–∞–±–æ—Ç—É —Å –≤–æ–∑–≤—Ä–∞—Ç–∞–º–∏.
–û–¥–Ω–∞–∂–¥—ã –≤–º–µ—Å—Ç–æ –∞–π–ø–∞–¥–∞ –ø—Ä–∏–µ—Ö–∞–ª–∞ –ø—É—Å—Ç–∞—è –∫–æ—Ä–æ–±–∫–∞, –∞ –≤ –¥—Ä—É–≥–æ–π —Ä–∞–∑ —Ç–∞–∫–∂–µ –≤–º–µ—Å—Ç–æ –∞–π–ø–∞–¥–∞ –±—ã–ª–∞ –ø–æ–¥–ª–æ–∂–µ–Ω–∞ —É–ø–∞–∫–æ–≤–∫–∞ –±—É–º–∞–≥–∏...",,,False,,"MessageReactions(results=[ReactionCount(reaction=ReactionEmoji(emoticon='üëç'), count=1, chosen_order=None)], min=False, can_see_list=True, reactions_as_tags=False, recent_reactions=[MessagePeerReaction(peer_id=PeerUser(user_id=6058414546), date=datetime.datetime(2026, 1, 19, 16, 58, 23, tzinfo=datetime.timezone.utc), reaction=ReactionEmoji(emoticon='üëç'), big=False, unread=False, my=False)], top_reactors=[])",
314833,2026-01-19 13:15:40+00:00,"—É –Ω–∞—Å –æ–∫–æ–ª–æ 10 –Ω–∞—É—à–Ω–∏–∫–æ–≤ –ø–æ–¥–¥–µ–ª—å–Ω—ã—Ö –≤–µ—Ä–Ω—É–ª–æ—Å—å
—Å—Ç–æ–∏–º–æ—Å—Ç—å —Ä–µ–∞–ª—å–Ω—ã—Ö –ø–æ 20000
—á–∞—Å—ã –∑–∞ 80000
–Ω–∏ –æ–¥–∏–Ω –Ω–µ –∫–æ–º–ø–µ–Ω—Å–∏—Ä–æ–≤–∞–ª–∏
–Ω–µ –≥–æ–≤–æ—Ä—è —É–∂–µ –æ —Ç–∞–∫–∏—Ö —Å–∏—Ç—É–∞—Ü–∏—è—Ö, –∫–æ—Ç–æ—Ä—ã–µ –º—ã –æ–ø–∏—Å–∞–ª–∏ –≤—ã—à–µ

–∏—Ç–æ–≥–æ –ø–æ—Ç–µ—Ä—å –ø–æ—á—Ç–∏ 300.000

—Å–µ–π—á–∞—Å –≤ –º–∞—Ä–∫–µ—Ç–µ —Å –Ω–æ–≤—ã–º–∏ –∫–æ–º–∏—Å—Å–∏—è–º–∏, –Ω–∞–ª–æ–≥–∞–º–∏, –ø—Ä–∞–≤–∏–ª–∞–º–∏ –ø–æ 2-3 –∑–∞–∫–∞–∑–∞ –≤ –¥–µ–Ω—å –¥–∞–µ—Ç, –∏ —Ç–æ 30% –≤–æ–∑–≤—Ä–∞—â–∞–µ—Ç—Å—è
–ø–ª—é—Å —Å–ø–æ—Å–æ–±—Å—Ç–≤—É—é—Ç –ø–æ–∫—É–ø–∞—Ç–µ–ª—å—Å–∫–æ–º—É —ç–∫—Å—Ç—Ä–µ–º–∏–∑–º—É –∏ –º–æ—à–µ–Ω–Ω–∏—á–µ—Å–∫–∏–º –¥–µ–π—Å—Ç–≤–∏—è–º",,,False,,,
314831,2026-01-19 13:11:40+00:00,"–ü–æ–ª—É—á–∏—Ç—å –∫–æ–º–ø–µ–Ω—Å–∞—Ü–∏—é –æ—Ç –Ø–Ω–¥–µ–∫—Å–∞ —Å—Ç–∞–ª–æ –Ω–µ—Ä–µ–∞–ª—å–Ω–æ, –Ω–∞–º –ø–æ–¥–º–µ–Ω–∏–ª–∏ –Ω–æ—É—Ç–±—É–∫ –∏ –æ—Ç–∫–∞–∑–∞–ª–∏ –≤ –∫–æ–º–ø–µ–Ω—Å–∞—Ü–∏–∏",,,False,,"MessageReactions(results=[ReactionCount(reaction=ReactionEmoji(emoticon='üíØ'), count=2, chosen_order=None)], min=False, can_see_list=True, reactions_as_tags=False, recent_reactions=[MessagePeerReaction(peer_id=PeerUser(user_id=6016987386), date=datetime.datetime(2026, 1, 19, 13, 17, 4, tzinfo=datetime.timezone.utc), reaction=ReactionEmoji(emoticon='üíØ'), big=False, unread=False, my=False), MessagePeerReaction(peer_id=PeerUser(user_id=768888360), date=datetime.datetime(2026, 1, 19, 13, 13, 1, tzinfo=datetime.timezone.utc), reaction=ReactionEmoji(emoticon='üíØ'), big=False, unread=False, my=False)], top_reactors=[])",
314830,2026-01-19 13:10:28+00:00,"–≤–æ–∑–≤—Ä–∞—Ç –±—ã–ª –æ—Ç–ø—Ä–∞–≤–ª–µ–Ω 29.11
—Å–µ–≥–æ–¥–Ω—è 19.01
–≤—Å–µ –¥–æ–∫–∞–∑–∞—Ç–µ–ª—å—Å—Ç–≤–∞ –µ—Å—Ç—å 
—á—Ç–æ –µ—â–µ –Ω–µ–æ–±—Ö–æ–¥–∏–º–æ? 
–ø—Ä–∏–Ω—Ü–∏–ø–∏–∞–ª—å–Ω–æ –¥–æ–ª–∂–Ω–æ –ø—Ä–æ–π—Ç–∏ 35 –¥–Ω–µ–π?",,,False,,,
314829,2026-01-19 13:09:02+00:00,"–Ω—É –ø–æ–∂–∞–ª—É–π—Å—Ç–∞
981057465131
–≤–æ—Ç –æ–±—Ä–∞—â–µ–Ω–∏–µ
–≥–¥–µ –ø–æ—Å–ª–µ–¥–Ω–µ–µ —Å–æ–æ–±—â–µ–Ω–∏–µ –∏—â–µ–º, –∏ –∑–∞–∫—Ä—ã—Ç–æ –æ–±—Ä–∞—â–µ–Ω–∏–µ",,,False,,"MessageReactions(results=[ReactionCount(reaction=ReactionEmoji(emoticon='‚úç'), count=1, chosen_order=None)], min=False, can_see_list=True, reactions_as_tags=False, recent_reactions=[MessagePeerReaction(peer_id=PeerUser(user_id=5881371972), date=datetime.datetime(2026, 1, 19, 13, 9, 59, tzinfo=datetime.timezone.utc), reaction=ReactionEmoji(emoticon='‚úç'), big=False, unread=False, my=False)], top_reactors=[])",
314824,2026-01-19 13:05:42+00:00,–ü—Ä–æ—Å—Ç–æ –Ω—É–∂–Ω–æ –≤—Å–µ–≥–¥–∞ —Å—Ä–∞–∑—É –ø–∏—Å–∞—Ç—å –ø—Ä–µ—Ç–µ–Ω–∑–∏—é.–ü–æ —Ä—É–∫–∞–º –∑–∞ —ç—Ç–æ –Ω–µ –±—å—é—Ç.,,,False,,,0.0
314823,2026-01-19 13:05:02+00:00,"35 —Ä–∞–±–æ—á–∏—Ö –¥–Ω–µ–π ‚Äî —ç—Ç–æ —Å—Ç–∞–Ω–¥–∞—Ä—Ç–Ω—ã–π —Å—Ä–æ–∫ —Ä–∞—Å—Å–º–æ—Ç—Ä–µ–Ω–∏—è –ø—Ä–µ—Ç–µ–Ω–∑–∏–∏. –ö–∞–∫ —Ç–æ–ª—å–∫–æ –≤—Å—ë –ø—Ä–æ–≤–µ—Ä–∏–º, –Ω–∞–ø–∏—à–µ–º –≤–∞–º –∑–¥–µ—Å—å –∏ –≤ –æ–±—Ä–∞—â–µ–Ω–∏–∏ 811404247959",,,False,,,
314822,2026-01-19 13:04:23+00:00,–°—Ä–æ–∫ –Ω–∞—á–∏–Ω–∞–µ—Ç –¥–µ–π—Å—Ç–≤–æ–≤–∞—Ç—å —Å –¥–∞—Ç—ã –Ω–∞–ø–∏—Å–∞–Ω–∏—è –ø—Ä–µ—Ç–µ–Ω–∑–∏–∏,,,False,,,
314821,2026-01-19 13:02:17+00:00,"–Ω—É –¥–∞–≤–∞–π—Ç–µ —Å—é–¥–∞ –ø—Ä–∏–ø–ª—é—Å—É–µ–º –ø–æ–∏—Å–∫–∏ —ç—Ç–æ–≥–æ —Ç–æ–≤–∞—Ä–∞? 
—ç—Ç–æ –∑–∞–Ω—è–ª–æ 1,5 –º–µ—Å—è—Ü–∞
–ø–æ—á–µ–º—É –≤—ã –Ω–µ —É—á–∏—Ç—ã–≤–∞–µ—Ç–µ —ç—Ç–æ?",,,False,,"MessageReactions(results=[ReactionCount(reaction=ReactionEmoji(emoticon='‚úç'), count=1, chosen_order=None)], min=False, can_see_list=True, reactions_as_tags=False, recent_reactions=[MessagePeerReaction(peer_id=PeerUser(user_id=5881371972), date=datetime.datetime(2026, 1, 19, 13, 3, 54, tzinfo=datetime.timezone.utc), reaction=ReactionEmoji(emoticon='‚úç'), big=False, unread=False, my=False)], top_reactors=[])",
314820,2026-01-19 13:01:17+00:00,"–Ω—É —Å–æ–≥–ª–∞—Å–∏—Ç–µ—Å—å, —á—Ç–æ —ç—Ç–æ –æ—á–µ–≤–∏–¥–Ω–æ? 
–Ω–æ 1,5–º–µ—Å—è—Ü–∞ –æ–Ω–∏ –µ–≥–æ –∏—Å–∫–∞–ª–∏
–∏ —É–∂–µ –ø–æ—á—Ç–∏ 2 –Ω–µ–¥–µ–ª–∏ —Ä–∞—Å—Å–º–∞—Ç—Ä–∏–≤–∞—é—Ç –ø—Ä–µ—Ç–µ–Ω–∑–∏—é)",,,False,,,
314819,2026-01-19 13:01:15+00:00,–°—Ä–æ–∫ —Ä–∞—Å—Å–º–æ—Ç—Ä–µ–Ω–∏—è –ø—Ä–µ—Ç–µ–Ω–∑–∏–∏ ‚Äî –¥–æ 35 —Ä–∞–±–æ—á–∏—Ö –¥–Ω–µ–π,,,False,,"MessageReactions(results=[ReactionCount(reaction=ReactionEmoji(emoticon='üëé'), count=7, chosen_order=None), ReactionCount(reaction=ReactionEmoji(emoticon='üí©'), count=2, chosen_order=None)], min=False, can_see_list=True, reactions_as_tags=False, recent_reactions=[MessagePeerReaction(peer_id=PeerUser(user_id=6058414546), date=datetime.datetime(2026, 1, 19, 16, 59, 3, tzinfo=datetime.timezone.utc), reaction=ReactionEmoji(emoticon='üëé'), big=False, unread=False, my=False), MessagePeerReaction(peer_id=PeerUser(user_id=552787531), date=datetime.datetime(2026, 1, 19, 16, 58, 23, tzinfo=datetime.timezone.utc), reaction=ReactionEmoji(emoticon='üëé'), big=False, unread=False, my=False), MessagePeerReaction(peer_id=PeerUser(user_id=1009204746), date=datetime.datetime(2026, 1, 19, 15, 3, 19, tzinfo=datetime.timezone.utc), reaction=ReactionEmoji(emoticon='üí©'), big=False, unread=False, my=False)], top_reactors=[])",
314818,2026-01-19 13:00:24+00:00,"–í —Ç–∞–∫–æ–º —Å–ª—É—á–∞–µ –≤–∏–Ω–∞ –Ø–ú —Ä–∞–∑ –æ–Ω–∏ –ø—Ä–∏–Ω—è–ª–∏ –≤–æ–∑–≤—Ä–∞—Ç –±–µ–∑ —Ñ–æ—Ç–æ —Ç–æ–≤–∞—Ä–∞ –∏ —É–ø–∞–∫–æ–≤–∫–∏,—Ç–∞–∫–∂–µ —Å–æ—Ç—Ä—É–¥–Ω–∏–∫ –ü–í–ó –∫–∞–∫–∏–º –æ–±—Ä–∞–∑–æ–º –ø—Ä–∏–Ω—è–ª —ç—Ç–æ –≤ –≤–æ–∑–≤—Ä–∞—Ç!",,,False,,,2.0
314817,2026-01-19 12:59:54+00:00,—Å–∫–æ–ª—å–∫–æ –µ—â–µ –ø–æ –≤—Ä–µ–º–µ–Ω–∏ —ç—Ç–æ –∑–∞–π–º–µ—Ç?,,,False,,"MessageReactions(results=[ReactionCount(reaction=ReactionEmoji(emoticon='‚úç'), count=1, chosen_order=None)], min=False, can_see_list=True, reactions_as_tags=False, recent_reactions=[MessagePeerReaction(peer_id=PeerUser(user_id=5881371972), date=datetime.datetime(2026, 1, 19, 13, 0, 17, tzinfo=datetime.timezone.utc), reaction=ReactionEmoji(emoticon='‚úç'), big=False, unread=False, my=False)], top_reactors=[])",
314816,2026-01-19 12:59:14+00:00,"–†–∞—Å—Å–º–∞—Ç—Ä–∏–≤–∞–µ–º –ø—Ä–µ—Ç–µ–Ω–∑–∏—é –≤ –æ–±—Ä–∞—â–µ–Ω–∏–∏ 811404247959 –ø–æ –∑–∞–∫–∞–∑—É 51275202881. –ö–∞–∫ —Ç–æ–ª—å–∫–æ –ø—Ä–∏–º–µ–º —Ä–µ—à–µ–Ω–∏–µ, –≤–µ—Ä–Ω—ë–º—Å—è —Å –æ–±—Ä–∞—Ç–Ω–æ–π —Å–≤—è–∑—å—é. –ü–æ–¥–æ–∂–¥–∏—Ç–µ, –ø–æ–∂–∞–ª—É–π—Å—Ç–∞",,,False,,,
314814,2026-01-19 12:58:07+00:00,"–ø—Ä–∏—á–µ–º –≤—Å–µ–º —ç—Ç–æ –≥–ª–∞–≤–Ω–æ–µ —Å—Ö–æ–¥–∏—Ç —Å —Ä—É–∫
–Ω–æ –∫–æ–≥–¥–∞ –Ω–∞–º –≤–µ—Ä–Ω—É–ª–∏ –ø–æ–¥–¥–µ–ª–∫—É —á–∞—Å–æ–≤ –¥–æ—Ä–æ–≥–∏—Ö, –Ω–∞–º –ø–æ—á–µ–º—É —Ç–æ –Ω–µ –∫–æ–º–ø–µ–Ω—Å–∏—Ä–æ–≤–∞–ª–∏, —Ö–æ—Ç—è —ç—Ç–æ —Ñ–∞–∫—Ç–∏—á–µ—Å–∫–∏ –º–æ—à–µ–Ω–Ω–∏—á–µ—Å—Ç–≤–æ, –∏ —Ç–æ–ª—å–∫–æ –ø–æ—Ç–æ–º—É —á—Ç–æ –º—ã –Ω–µ —É–ø–∞–∫–æ–≤–∞–ª–∏ –≤ –ø—É–ø—ã—Ä–∫—É
–∞ —Ç–æ —á—Ç–æ –æ–Ω –≤–µ—Ä–Ω—É–ª—Å—è –Ω–µ –ø–æ —Å—Ç–∞–Ω–¥–∞—Ä—Ç–Ω—ã–º –ø—Ä–∞–≤–∏–ª–∞ —É–ø–∞–∫–æ–≤–∫–∏, —ç—Ç–æ –∫–æ–Ω–µ—á–Ω–æ –∂–µ –ø–æ—Ñ–∏–≥—É –≤—Å–µ–º
–∏ —Ç–æ–∂–µ –Ω–µ –ø–µ—Ä–≤—ã–π —Å–ª—É—á–∞–π",,,False,,"MessageReactions(results=[ReactionCount(reaction=ReactionEmoji(emoticon='üíØ'), count=3, chosen_order=None)], min=False, can_see_list=True, reactions_as_tags=False, recent_reactions=[MessagePeerReaction(peer_id=PeerUser(user_id=1009204746), date=datetime.datetime(2026, 1, 19, 15, 2, 34, tzinfo=datetime.timezone.utc), reaction=ReactionEmoji(emoticon='üíØ'), big=False, unread=False, my=False), MessagePeerReaction(peer_id=PeerUser(user_id=6016987386), date=datetime.datetime(2026, 1, 19, 13, 15, 38, tzinfo=datetime.timezone.utc), reaction=ReactionEmoji(emoticon='üíØ'), big=False, unread=False, my=False), MessagePeerReaction(peer_id=PeerUser(user_id=768888360), date=datetime.datetime(2026, 1, 19, 12, 59, 5, tzinfo=datetime.timezone.utc), reaction=ReactionEmoji(emoticon='üíØ'), big=False, unread=False, my=False)], top_reactors=[])",
314813,2026-01-19 12:56:00+00:00,"–ò —ç—Ç–æ –Ω–µ –µ–¥–∏–Ω–∏—á–Ω—ã–π —Å–ª—É—á–∞–π. –ù–∞—É—à–Ω–∏–∫–∏, –∞–π–ø–∞–¥—ã, –¥–∞–π—Å–æ–Ω—ã —Ç–æ–∂–µ –≤–æ–∑–≤—Ä–∞—â–∞—é—Ç –±–µ–∑ —Ç—Ä–∞–Ω—Å–ø–æ—Ä—Ç–∏—Ä–æ–≤–æ—á–Ω—ã—Ö –∫–æ—Ä–æ–±–æ–∫ —Å –Ω–∞–º–æ—Ç–∫–∞–º–∏ —Å–∫–æ—á–∞ ‚Äò–≤–æ–∑–≤—Ä–∞—Ç‚Äô –Ω–∞ —Å–µ—Ä–∏–π–Ω—ã—Ö –Ω–æ–º–µ—Ä–∞—Ö –∏ –∑–∞–≤–æ–¥—Å–∫–æ–π —É–ø–∞–∫–æ–≤–∫–µ.
–ü—Ä–∏—á–µ–º –ø–æ —Å–∏—Å—Ç–µ–º–µ —Ñ–±—Å –≤ —Ä–µ–≥–∏–æ–Ω—ã –º—ã —É–ø–∞–∫–æ–≤—ã–≤–∞–µ–º —Ç–æ–≤–∞—Ä –≤ –¥–æ–ø–æ–ª–Ω–∏—Ç–µ–ª—å–Ω—ã–µ –∫–æ—Ä–æ–±–∫–∏, –Ω–æ –ø—Ä–∏ –≤–æ–∑–≤—Ä–∞—Ç–µ —Å–æ—Ç—Ä—É–¥–Ω–∏–∫–∏ –Ø–Ω–¥–µ–∫—Å–∞ —Å–∞–º–∏ –∏–≥–Ω–æ—Ä–∏—Ä—É—é—Ç –ø—Ä–∞–≤–∏–ª–∞ —É–ø–∞–∫–æ–≤–∫–∏ –∏ –ø—Ä–æ—Å—Ç–æ –ø–µ—Ä–µ–∫–ª–µ–∏–≤–∞—é—Ç —Å–∫–æ—Ç—á–µ–º ,–≤–æ–∑–≤—Ä–∞—Ç‚Äô –∑–∞–≤–æ–¥—Å–∫—É—é —É–ø–∞–∫–æ–≤–∫—É, –∫–æ—Ç–æ—Ä–∞—è —Å—á–∏—Ç–∞–µ—Ç—Å—è –Ω–µ–æ—Ç—ä–µ–º–ª–µ–º–æ–π —á–∞—Å—Ç—å—é —Ç–æ–≤–∞—Ä–∞!!!",,,False,,"MessageReactions(results=[ReactionCount(reaction=ReactionEmoji(emoticon='üëç'), count=5, chosen_order=None)], min=False, can_see_list=True, reactions_as_tags=False, recent_reactions=[MessagePeerReaction(peer_id=PeerUser(user_id=1043281320), date=datetime.datetime(2026, 1, 19, 13, 49, tzinfo=datetime.timezone.utc), reaction=ReactionEmoji(emoticon='üëç'), big=False, unread=False, my=False), MessagePeerReaction(peer_id=PeerUser(user_id=6016987386), date=datetime.datetime(2026, 1, 19, 13, 15, 27, tzinfo=datetime.timezone.utc), reaction=ReactionEmoji(emoticon='üëç'), big=False, unread=False, my=False), MessagePeerReaction(peer_id=PeerUser(user_id=866560465), date=datetime.datetime(2026, 1, 19, 13, 8, 25, tzinfo=datetime.timezone.utc), reaction=ReactionEmoji(emoticon='üëç'), big=False, unread=False, my=False)], top_reactors=[])",1.0
314811,2026-01-19 12:54:23+00:00,"—è –¥–æ–ø–æ–ª–Ω–∏–ª–∞ –∏–Ω—Ñ–æ—Ä–º–∞—Ü–∏—é –æ—Ç –ø—Ä–µ–¥—ã–¥—É—â–µ–≥–æ –≤–∏–¥–µ–æ
811404247959",,,False,,"MessageReactions(results=[ReactionCount(reaction=ReactionEmoji(emoticon='‚úç'), count=1, chosen_order=None)], min=False, can_see_list=True, reactions_as_tags=False, recent_reactions=[MessagePeerReaction(peer_id=PeerUser(user_id=5881371972), date=datetime.datetime(2026, 1, 19, 12, 55, 20, tzinfo=datetime.timezone.utc), reaction=ReactionEmoji(emoticon='‚úç'), big=False, unread=False, my=False)], top_reactors=[])",
